Protein,Site,log2FC_Disease_vs_Control,p_value,Mean_Localization_Probability,rank,FDR_BH,Significant
AKT1,S473,0.7865806555561115,0.00019009382335386866,0.8887062188060799,11.0,0.0004147501600448043,True
AKT1,T308,0.702673785070985,7.528866270838365e-05,0.8900346278831353,10.0,0.00018069279050012078,True
BAD,S112,-1.0214228723753713,0.00019788113504082473,0.9225920907985641,12.0,0.0003957622700816495,True
BRCA1,S1524,-0.3597139102167617,0.008705674590831936,0.8265610332442187,18.0,0.011607566121109247,False
CHEK1,S345,0.11839432273247041,0.33424327059616216,0.9197258031736483,23.0,0.34877558670903874,False
CREB1,S133,1.035218334122014,3.5492583873309637e-06,0.923001686391152,3.0,2.839406709864771e-05,True
EGFR,Y1068,1.1008357998148917,2.1711823100652638e-05,0.9061538592171182,7.0,7.444053634509476e-05,True
EGFR,Y1173,1.0822742527463056,2.2766615836236626e-05,0.9290234460782655,8.0,6.829984750870988e-05,True
FOXO3,S253,-1.1165765197774462,1.867422205639842e-05,0.9109209379313129,6.0,7.469688822559368e-05,True
FOXO3,T32,-0.6647727554020548,0.0003189717207152789,0.9301474287714848,13.0,0.0005888708690128225,True
GSK3B,S9,-1.1120864922907572,1.4160713084497522e-05,0.9377254124847405,4.0,8.496427850698513e-05,True
HSPB1,S82,-0.631292135155654,0.007404975564898731,0.9208501798347429,17.0,0.010454083150445267,True
IRS1,S307,-0.3917604798550052,0.03301834408235753,0.9298758097847376,21.0,0.037735250379837174,False
JUN,S63,1.2336384125262825,2.545891596227823e-06,0.9302910128533511,1.0,6.110139830946775e-05,True
LMNA,S22,0.03426797388409142,0.8301156667919326,0.9308732153783636,24.0,0.8301156667919326,False
MAPK1,T185,0.9785672388214834,5.795219877082079e-05,0.9133367212460041,9.0,0.00015453919672218876,True
MAPK1,Y187,0.9305784230511236,0.00045536558194463045,0.9189405787320197,14.0,0.0007806267119050808,True
MTOR,S2448,0.5719311610209523,0.0015683002048654665,0.9517324987948587,16.0,0.0023524503072981998,True
RB1,S807,0.19865233335212906,0.0625654921499535,0.9317803472472025,22.0,0.06825326416358563,False
RPS6,S235,0.6624604296301264,0.0005253790391229415,0.9462716990128802,15.0,0.0008406064625967064,True
RPS6,S236,1.6915542644716801,1.820766734563868e-05,0.9664843258715615,5.0,8.739680325906567e-05,True
STAT3,Y705,0.7686830724635776,3.5179978501542304e-06,0.9249233075736503,2.0,4.221597420185076e-05,True
TP53,S15,-0.5758688413652742,0.009947258205165193,0.9507303632678424,19.0,0.012564957732840243,True
ULK1,S757,-0.5159767187558302,0.011641895828348448,0.9236619436843211,20.0,0.01397027499401814,True
