Protein,Site,Phosphosite,SampleID,Group,Phospho.Abundance,Localization.Probability
EGFR,Y1068,EGFR_Y1068,C01,Control,23.962233575396144,0.9709057889263663
EGFR,Y1068,EGFR_Y1068,C02,Control,23.916213811194197,0.9688040565421479
EGFR,Y1068,EGFR_Y1068,C03,Control,24.598260733559602,0.970171681586372
EGFR,Y1068,EGFR_Y1068,C04,Control,24.25753048505402,0.7037668812163561
EGFR,Y1068,EGFR_Y1068,C05,Control,23.964663293472356,0.9588085261502123
EGFR,Y1068,EGFR_Y1068,C06,Control,23.927727858334688,0.9758689698989985
EGFR,Y1068,EGFR_Y1068,D01,Disease,24.852834146168284,0.9849355207884988
EGFR,Y1068,EGFR_Y1068,D02,Disease,25.47893902122645,0.7231130565521168
EGFR,Y1068,EGFR_Y1068,D03,Disease,25.059999826516048,0.9751690735712554
EGFR,Y1068,EGFR_Y1068,D04,Disease,25.329351406229595,0.9864996947551312
EGFR,Y1068,EGFR_Y1068,D05,Disease,25.216819494232404,0.6944714722391282
EGFR,Y1068,EGFR_Y1068,D06,Disease,25.293700661527573,0.9613315883788351
EGFR,Y1173,EGFR_Y1173,C01,Control,23.357867720169807,0.6878405935896635
EGFR,Y1173,EGFR_Y1173,C02,Control,23.549745224164628,0.9529085649836263
EGFR,Y1173,EGFR_Y1173,C03,Control,23.390169211339,0.9525688073089856
EGFR,Y1173,EGFR_Y1173,C04,Control,23.030378279815874,0.97043664919865
EGFR,Y1173,EGFR_Y1173,C05,Control,23.502844059756583,0.9882128474339275
EGFR,Y1173,EGFR_Y1173,C06,Control,22.908018683306743,0.9934215730270536
EGFR,Y1173,EGFR_Y1173,D01,Disease,24.093449757007793,0.6597686466217103
EGFR,Y1173,EGFR_Y1173,D02,Disease,24.144805395146914,0.9914122792552675
EGFR,Y1173,EGFR_Y1173,D03,Disease,24.745786593891225,0.998575903210967
EGFR,Y1173,EGFR_Y1173,D04,Disease,24.34938835022059,0.9686005202551976
EGFR,Y1173,EGFR_Y1173,D05,Disease,24.370394247014122,1.0
EGFR,Y1173,EGFR_Y1173,D06,Disease,24.528844351749825,0.9845349680541379
AKT1,S473,AKT1_S473,C01,Control,24.915440189201764,0.9702097783279794
AKT1,S473,AKT1_S473,C02,Control,24.982649647745305,0.9409454960094188
AKT1,S473,AKT1_S473,C03,Control,25.055247346986206,0.9483655129666088
AKT1,S473,AKT1_S473,C04,Control,24.8957508862432,0.6645195068342176
AKT1,S473,AKT1_S473,C05,Control,25.091428368579063,0.9638958437684116
AKT1,S473,AKT1_S473,C06,Control,24.77992905020685,0.9741829642697085
AKT1,S473,AKT1_S473,D01,Disease,25.621735054299748,0.725040189466776
AKT1,S473,AKT1_S473,D02,Disease,25.42724332748831,0.9698152106060604
AKT1,S473,AKT1_S473,D03,Disease,25.79485869330393,0.9695802631520467
AKT1,S473,AKT1_S473,D04,Disease,25.893094667909168,0.6311116079265953
AKT1,S473,AKT1_S473,D05,Disease,25.585637752778755,0.9743337500075305
AKT1,S473,AKT1_S473,D06,Disease,26.117359926519146,0.9324745023376052
AKT1,T308,AKT1_T308,C01,Control,23.04426292195504,0.9705787168447138
AKT1,T308,AKT1_T308,C02,Control,23.098379084423048,0.6659186155454905
AKT1,T308,AKT1_T308,C03,Control,22.977253326119367,0.9469653689511082
AKT1,T308,AKT1_T308,C04,Control,23.252695452374386,0.9677883626512275
AKT1,T308,AKT1_T308,C05,Control,23.516384020776826,0.8848238536419263
AKT1,T308,AKT1_T308,C06,Control,23.117368358373806,0.9710487937149224
AKT1,T308,AKT1_T308,D01,Disease,23.62347061786399,0.9759554995002323
AKT1,T308,AKT1_T308,D02,Disease,23.982472621437147,0.9848110771756959
AKT1,T308,AKT1_T308,D03,Disease,24.11489626869877,0.6429665308986648
AKT1,T308,AKT1_T308,D04,Disease,23.97671551150178,0.9417880235803892
AKT1,T308,AKT1_T308,D05,Disease,23.790305121235857,0.7295380688901913
AKT1,T308,AKT1_T308,D06,Disease,23.73452573371084,0.9982326232030607
MTOR,S2448,MTOR_S2448,C01,Control,23.784387593426267,0.9767248609895973
MTOR,S2448,MTOR_S2448,C02,Control,24.024098327896144,0.7447696065527333
MTOR,S2448,MTOR_S2448,C03,Control,23.897430985003595,0.9686818488637656
MTOR,S2448,MTOR_S2448,C04,Control,23.974594352350152,0.9731741459919258
MTOR,S2448,MTOR_S2448,C05,Control,23.962737341180713,0.9880045938738898
MTOR,S2448,MTOR_S2448,C06,Control,23.83138968460633,0.9750376188539953
MTOR,S2448,MTOR_S2448,D01,Disease,24.092450344032486,0.9152738076217782
MTOR,S2448,MTOR_S2448,D02,Disease,24.358019157090904,0.977162940059002
MTOR,S2448,MTOR_S2448,D03,Disease,24.481446775089314,0.990558114829212
MTOR,S2448,MTOR_S2448,D04,Disease,24.63069447777411,0.9699712022023548
MTOR,S2448,MTOR_S2448,D05,Disease,24.826949065633976,0.9719654067429012
MTOR,S2448,MTOR_S2448,D06,Disease,24.51666543096812,0.9694658389571487
STAT3,Y705,STAT3_Y705,C01,Control,23.58088566797974,0.9705191781127788
STAT3,Y705,STAT3_Y705,C02,Control,23.68195286384671,0.9733468302760925
STAT3,Y705,STAT3_Y705,C03,Control,23.879867052590928,0.9543761855106809
STAT3,Y705,STAT3_Y705,C04,Control,23.987197356047734,0.9487473686110469
STAT3,Y705,STAT3_Y705,C05,Control,23.84180672472346,0.5975427794194634
STAT3,Y705,STAT3_Y705,C06,Control,23.79465390606117,0.975615796775594
STAT3,Y705,STAT3_Y705,D01,Disease,24.6375503576904,0.9749656023249429
STAT3,Y705,STAT3_Y705,D02,Disease,24.431938084179396,0.9830583341412958
STAT3,Y705,STAT3_Y705,D03,Disease,24.823954823611224,0.9897221180725886
STAT3,Y705,STAT3_Y705,D04,Disease,24.474372911304254,0.9815023430767637
STAT3,Y705,STAT3_Y705,D05,Disease,24.525173580108774,0.7859002505500945
STAT3,Y705,STAT3_Y705,D06,Disease,24.48547224913719,0.9637829040124621
MAPK1,T185,MAPK1_T185,C01,Control,24.487627410152818,0.981343722454447
MAPK1,T185,MAPK1_T185,C02,Control,24.423555349629183,0.9916345718677937
MAPK1,T185,MAPK1_T185,C03,Control,24.230046133241814,0.6363965032330958
MAPK1,T185,MAPK1_T185,C04,Control,24.115580041519106,0.9658922424168064
MAPK1,T185,MAPK1_T185,C05,Control,24.266106943987406,0.9750981304178905
MAPK1,T185,MAPK1_T185,C06,Control,24.40974050841008,0.9792420200200336
MAPK1,T185,MAPK1_T185,D01,Disease,24.790564109669376,0.5455831948408421
MAPK1,T185,MAPK1_T185,D02,Disease,25.262247028755926,0.9856829841218452
MAPK1,T185,MAPK1_T185,D03,Disease,25.515593411259058,0.9624945838390465
MAPK1,T185,MAPK1_T185,D04,Disease,25.361049289620475,0.9699791102283497
MAPK1,T185,MAPK1_T185,D05,Disease,25.47126383459178,0.9820851795886375
MAPK1,T185,MAPK1_T185,D06,Disease,25.40334214597272,0.984608411923261
MAPK1,Y187,MAPK1_Y187,C01,Control,23.934214726606577,0.9619350613464547
MAPK1,Y187,MAPK1_Y187,C02,Control,24.22129666929689,0.7550009798895896
MAPK1,Y187,MAPK1_Y187,C03,Control,23.828739671019413,0.9716447163186102
MAPK1,Y187,MAPK1_Y187,C04,Control,24.63985451928562,0.992080218497352
MAPK1,Y187,MAPK1_Y187,C05,Control,24.13489121844986,0.9717752187008231
MAPK1,Y187,MAPK1_Y187,C06,Control,24.19976578737561,0.9918107527218618
MAPK1,Y187,MAPK1_Y187,D01,Disease,24.92724417781009,0.6684506303829582
MAPK1,Y187,MAPK1_Y187,D02,Disease,25.014412423331244,0.9768253558052128
MAPK1,Y187,MAPK1_Y187,D03,Disease,25.345595540063364,0.9670467145194414
MAPK1,Y187,MAPK1_Y187,D04,Disease,24.782452097664585,0.9461080861041771
MAPK1,Y187,MAPK1_Y187,D05,Disease,24.826834672461384,0.989785197966121
MAPK1,Y187,MAPK1_Y187,D06,Disease,25.645694219010018,0.8348240125316352
JUN,S63,JUN_S63,C01,Control,24.446216078135745,0.6873333469738664
JUN,S63,JUN_S63,C02,Control,24.125010326570408,0.7722595906624982
JUN,S63,JUN_S63,C03,Control,24.371720431907296,0.9701275844008472
JUN,S63,JUN_S63,C04,Control,24.607479547367593,0.9601591759503855
JUN,S63,JUN_S63,C05,Control,24.702378901968924,0.9774183498298428
JUN,S63,JUN_S63,C06,Control,24.646800424221855,0.9869514897460677
JUN,S63,JUN_S63,D01,Disease,25.811571717163226,0.9777949086001975
JUN,S63,JUN_S63,D02,Disease,25.4350556097981,0.9496627904331016
JUN,S63,JUN_S63,D03,Disease,25.501658018070938,0.9826033024404129
JUN,S63,JUN_S63,D04,Disease,26.00369752192934,0.9527162673808485
JUN,S63,JUN_S63,D05,Disease,25.623573714842973,0.9711848307451001
JUN,S63,JUN_S63,D06,Disease,25.925879603524923,0.9752805170770439
RPS6,S235,RPS6_S235,C01,Control,24.45100115908465,0.9664625595673771
RPS6,S235,RPS6_S235,C02,Control,24.409798613810462,0.9965701186340152
RPS6,S235,RPS6_S235,C03,Control,24.428659157536078,0.9385382356358478
RPS6,S235,RPS6_S235,C04,Control,24.253591660608325,0.9597122098573503
RPS6,S235,RPS6_S235,C05,Control,24.754292948586926,0.9893266637397737
RPS6,S235,RPS6_S235,C06,Control,24.463892297534894,0.9686680532843125
RPS6,S235,RPS6_S235,D01,Disease,25.073199566502304,0.9352058390987317
RPS6,S235,RPS6_S235,D02,Disease,24.632024327369074,0.9702179182290636
RPS6,S235,RPS6_S235,D03,Disease,25.224187364593668,0.9642363113067914
RPS6,S235,RPS6_S235,D04,Disease,25.296554003658773,0.7347246265017252
RPS6,S235,RPS6_S235,D05,Disease,25.284149057092687,0.9615777545982567
RPS6,S235,RPS6_S235,D06,Disease,25.225884095725586,0.9700200977013173
RPS6,S236,RPS6_S236,C01,Control,22.321160336038066,0.9661808774535096
RPS6,S236,RPS6_S236,C02,Control,22.25070418733036,0.9570873748221465
RPS6,S236,RPS6_S236,C03,Control,23.122949130097126,0.9638237587347303
RPS6,S236,RPS6_S236,C04,Control,22.502327505972932,0.9413780438016209
RPS6,S236,RPS6_S236,C05,Control,22.556602188830553,0.9687272420250699
RPS6,S236,RPS6_S236,C06,Control,22.230270543050864,0.9722294064295425
RPS6,S236,RPS6_S236,D01,Disease,24.12801358434702,0.9501926652376445
RPS6,S236,RPS6_S236,D02,Disease,24.235478333464375,0.9794928687191096
RPS6,S236,RPS6_S236,D03,Disease,24.04510696397855,0.9652570344312822
RPS6,S236,RPS6_S236,D04,Disease,24.12782749608858,0.9678851815383337
RPS6,S236,RPS6_S236,D05,Disease,24.384438828766783,0.9661501882540037
RPS6,S236,RPS6_S236,D06,Disease,24.21247427150468,0.9994072690117454
GSK3B,S9,GSK3B_S9,C01,Control,23.400149021924296,0.9501618830006248
GSK3B,S9,GSK3B_S9,C02,Control,22.966504180089057,0.9684640494008335
GSK3B,S9,GSK3B_S9,C03,Control,22.930342892353618,0.9593149440338093
GSK3B,S9,GSK3B_S9,C04,Control,22.87997477053788,0.9744626660677833
GSK3B,S9,GSK3B_S9,C05,Control,23.26855388081189,0.9672106498422093
GSK3B,S9,GSK3B_S9,C06,Control,22.91648501294137,0.949329860847282
GSK3B,S9,GSK3B_S9,D01,Disease,21.55409080069911,0.9520696153855285
GSK3B,S9,GSK3B_S9,D02,Disease,22.243917159758755,0.9893584564348176
GSK3B,S9,GSK3B_S9,D03,Disease,22.04284307721299,0.6479282403756339
GSK3B,S9,GSK3B_S9,D04,Disease,22.067696120217185,0.9613502906164946
GSK3B,S9,GSK3B_S9,D05,Disease,22.075525791830355,0.9617567106830487
GSK3B,S9,GSK3B_S9,D06,Disease,21.70541785519518,0.9712975831288219
FOXO3,T32,FOXO3_T32,C01,Control,24.152103489276563,0.9932782018018373
FOXO3,T32,FOXO3_T32,C02,Control,24.307521124409668,0.9952537931430703
FOXO3,T32,FOXO3_T32,C03,Control,23.90977051032384,0.9710197993907663
FOXO3,T32,FOXO3_T32,C04,Control,23.935912478065564,0.7062748391826921
FOXO3,T32,FOXO3_T32,C05,Control,23.683521029558865,0.9927518898570887
FOXO3,T32,FOXO3_T32,C06,Control,23.851264923680827,0.9591191271698803
FOXO3,T32,FOXO3_T32,D01,Disease,23.04718047707808,0.9694219260723488
FOXO3,T32,FOXO3_T32,D02,Disease,23.568169686932993,0.9849900449871173
FOXO3,T32,FOXO3_T32,D03,Disease,23.206878068558883,0.9632926351400508
FOXO3,T32,FOXO3_T32,D04,Disease,23.174544173446822,0.9574591432773132
FOXO3,T32,FOXO3_T32,D05,Disease,23.331105055316158,0.9789033204235835
FOXO3,T32,FOXO3_T32,D06,Disease,23.523579561570052,0.6900044248120691
FOXO3,S253,FOXO3_S253,C01,Control,23.38153748028699,0.9943010546370408
FOXO3,S253,FOXO3_S253,C02,Control,23.45641290381724,0.9879042785778456
FOXO3,S253,FOXO3_S253,C03,Control,22.8988639205868,0.9819375798282965
FOXO3,S253,FOXO3_S253,C04,Control,23.38970236932761,0.9501040584502217
FOXO3,S253,FOXO3_S253,C05,Control,23.371287894354708,0.982362994296938
FOXO3,S253,FOXO3_S253,C06,Control,23.413734750673207,0.9640814072219591
FOXO3,S253,FOXO3_S253,D01,Disease,22.075125192435937,0.9826822466272278
FOXO3,S253,FOXO3_S253,D02,Disease,22.196912476082407,0.6274028294213262
FOXO3,S253,FOXO3_S253,D03,Disease,22.331171465202015,0.5532478276009221
FOXO3,S253,FOXO3_S253,D04,Disease,22.678688224498497,0.9662334611794463
FOXO3,S253,FOXO3_S253,D05,Disease,21.997792855863345,0.9884935290115404
FOXO3,S253,FOXO3_S253,D06,Disease,21.932389986299658,0.9522999883229911
IRS1,S307,IRS1_S307,C01,Control,24.52835531295281,0.7037646445059703
IRS1,S307,IRS1_S307,C02,Control,24.486683782052587,0.9878562034494062
IRS1,S307,IRS1_S307,C03,Control,24.23664207415991,0.9696662830772618
IRS1,S307,IRS1_S307,C04,Control,24.060119464760845,0.9845119940938751
IRS1,S307,IRS1_S307,C05,Control,24.468399461905015,0.968142860585055
IRS1,S307,IRS1_S307,C06,Control,24.5672003793911,0.9538785097927343
IRS1,S307,IRS1_S307,D01,Disease,24.041616267918815,0.9761795737319012
IRS1,S307,IRS1_S307,D02,Disease,24.257865532698013,0.9798683201564977
IRS1,S307,IRS1_S307,D03,Disease,24.445140691008916,0.9580317585457225
IRS1,S307,IRS1_S307,D04,Disease,23.94289188263525,0.9620992691208069
IRS1,S307,IRS1_S307,D05,Disease,23.621649330718817,0.7461474776310418
IRS1,S307,IRS1_S307,D06,Disease,23.687673891112425,0.9683628227265799
BAD,S112,BAD_S112,C01,Control,24.278058772903524,0.9808279772166585
BAD,S112,BAD_S112,C02,Control,24.98312292961548,0.964356818443248
BAD,S112,BAD_S112,C03,Control,24.45070971022028,0.9661905598292833
BAD,S112,BAD_S112,C04,Control,24.479155434707675,0.9440018634518652
BAD,S112,BAD_S112,C05,Control,24.751912883005165,0.9756542167854305
BAD,S112,BAD_S112,C06,Control,24.314335531670306,0.988684524402578
BAD,S112,BAD_S112,D01,Disease,23.8278641272423,0.7863296856852842
BAD,S112,BAD_S112,D02,Disease,23.70582233085714,0.7180562092983347
BAD,S112,BAD_S112,D03,Disease,23.6969517991646,0.9726589205042329
BAD,S112,BAD_S112,D04,Disease,23.680825123283707,0.8180827127928544
BAD,S112,BAD_S112,D05,Disease,22.98600212174508,0.9675302345868407
BAD,S112,BAD_S112,D06,Disease,23.23129252557735,0.9887313665861576
CREB1,S133,CREB1_S133,C01,Control,22.936355877494034,0.9618616326983226
CREB1,S133,CREB1_S133,C02,Control,23.1858632702859,0.9979347634209231
CREB1,S133,CREB1_S133,C03,Control,23.21676006089099,0.9786331976499983
CREB1,S133,CREB1_S133,C04,Control,22.774016248335045,0.9651402283675535
CREB1,S133,CREB1_S133,C05,Control,23.039281229392905,0.9612902289588162
CREB1,S133,CREB1_S133,C06,Control,23.23700405726181,0.7721398513122432
CREB1,S133,CREB1_S133,D01,Disease,23.88665947629043,0.9637172688411244
CREB1,S133,CREB1_S133,D02,Disease,24.379135313087353,0.8208749858850387
CREB1,S133,CREB1_S133,D03,Disease,24.189533947135867,1.0
CREB1,S133,CREB1_S133,D04,Disease,24.107602170225224,0.7222417749620701
CREB1,S133,CREB1_S133,D05,Disease,23.840804553169146,0.9758579589447928
CREB1,S133,CREB1_S133,D06,Disease,24.19685528848471,0.9563283456529407
TP53,S15,TP53_S15,C01,Control,25.065175842653307,0.9659360780476328
TP53,S15,TP53_S15,C02,Control,24.716773129626066,0.9454680512731322
TP53,S15,TP53_S15,C03,Control,24.973279440934903,0.9634001844320543
TP53,S15,TP53_S15,C04,Control,24.27091460503888,0.9868126097710475
TP53,S15,TP53_S15,C05,Control,24.774933026380904,0.9491397185503712
TP53,S15,TP53_S15,C06,Control,25.237665952513826,0.974350605947253
TP53,S15,TP53_S15,D01,Disease,24.681219171838062,0.9654015156806941
TP53,S15,TP53_S15,D02,Disease,24.03903917695261,0.977648473727148
TP53,S15,TP53_S15,D03,Disease,24.146398308088898,0.9920077187606356
TP53,S15,TP53_S15,D04,Disease,24.144421441432968,0.7272594051001738
TP53,S15,TP53_S15,D05,Disease,24.56231766435353,0.9844444085987417
TP53,S15,TP53_S15,D06,Disease,24.01013318629019,0.9768955893252248
HSPB1,S82,HSPB1_S82,C01,Control,22.41434982433265,0.9434856683059093
HSPB1,S82,HSPB1_S82,C02,Control,22.73769344399466,0.9697987631961278
HSPB1,S82,HSPB1_S82,C03,Control,22.216315418301974,0.7069760802693914
HSPB1,S82,HSPB1_S82,C04,Control,23.174726389965898,0.6887457917920643
HSPB1,S82,HSPB1_S82,C05,Control,23.088894254636106,0.9784496961027463
HSPB1,S82,HSPB1_S82,C06,Control,22.738815241061555,0.981664142954178
HSPB1,S82,HSPB1_S82,D01,Disease,22.01345925840365,0.9494049547467169
HSPB1,S82,HSPB1_S82,D02,Disease,22.263787202582996,0.9607556036771183
HSPB1,S82,HSPB1_S82,D03,Disease,22.186555487988418,0.9539244800970738
HSPB1,S82,HSPB1_S82,D04,Disease,22.113751005405057,0.9748419619613987
HSPB1,S82,HSPB1_S82,D05,Disease,21.93852743984654,0.9522778139810677
HSPB1,S82,HSPB1_S82,D06,Disease,22.066961367132237,0.9898772009331226
LMNA,S22,LMNA_S22,C01,Control,23.897984474490944,0.9693529961553864
LMNA,S22,LMNA_S22,C02,Control,24.227719316572653,0.97101869753754
LMNA,S22,LMNA_S22,C03,Control,23.90885444097689,0.9400379996066521
LMNA,S22,LMNA_S22,C04,Control,23.41815437146158,0.9592768515715373
LMNA,S22,LMNA_S22,C05,Control,24.076911755143986,0.9409820389643032
LMNA,S22,LMNA_S22,C06,Control,23.509303135749928,0.9664881169407563
LMNA,S22,LMNA_S22,D01,Disease,23.806273879668428,0.986183185585446
LMNA,S22,LMNA_S22,D02,Disease,24.111392751700265,0.9379795949878471
LMNA,S22,LMNA_S22,D03,Disease,23.98352033537489,0.9746408735523542
LMNA,S22,LMNA_S22,D04,Disease,24.063643932514378,0.8807004308948111
LMNA,S22,LMNA_S22,D05,Disease,23.636644281975382,0.9446897845837997
LMNA,S22,LMNA_S22,D06,Disease,23.643060156467183,0.699128014159932
RB1,S807,RB1_S807,C01,Control,24.213864594399208,0.9664501176302215
RB1,S807,RB1_S807,C02,Control,23.845193005055282,0.9782678759305253
RB1,S807,RB1_S807,C03,Control,24.323967392119,0.959134862208877
RB1,S807,RB1_S807,C04,Control,24.10897669189475,0.9493612961709768
RB1,S807,RB1_S807,C05,Control,24.09871374493296,0.9815729988964288
RB1,S807,RB1_S807,C06,Control,24.414962077137098,0.964119403061939
RB1,S807,RB1_S807,D01,Disease,24.418924806291752,0.9527975187674884
RB1,S807,RB1_S807,D02,Disease,24.18129279167949,0.9525478930031159
RB1,S807,RB1_S807,D03,Disease,24.42379456063698,0.9461935254880264
RB1,S807,RB1_S807,D04,Disease,24.393669774110673,0.975122630283052
RB1,S807,RB1_S807,D05,Disease,24.385294928660358,0.6190088560914268
RB1,S807,RB1_S807,D06,Disease,24.39461464427184,0.9367871894343549
CHEK1,S345,CHEK1_S345,C01,Control,25.155956312522274,0.9594539637865329
CHEK1,S345,CHEK1_S345,C02,Control,25.163361441446728,0.9348348503737168
CHEK1,S345,CHEK1_S345,C03,Control,25.397030481557202,0.9631670823249485
CHEK1,S345,CHEK1_S345,C04,Control,24.8846047095682,0.7060929839924307
CHEK1,S345,CHEK1_S345,C05,Control,25.0291150225778,0.7562030735183674
CHEK1,S345,CHEK1_S345,C06,Control,25.260208927479056,0.8462214563945509
CHEK1,S345,CHEK1_S345,D01,Disease,25.016982160462053,0.9869903473077938
CHEK1,S345,CHEK1_S345,D02,Disease,25.530051547706297,0.9653146683751619
CHEK1,S345,CHEK1_S345,D03,Disease,25.550639430742724,0.9729289454721965
CHEK1,S345,CHEK1_S345,D04,Disease,25.203962157096303,0.9743232859463549
CHEK1,S345,CHEK1_S345,D05,Disease,25.19633048215534,0.9711789805917256
CHEK1,S345,CHEK1_S345,D06,Disease,25.102677053383356,1.0
BRCA1,S1524,BRCA1_S1524,C01,Control,24.15677070469382,0.9706983620999179
BRCA1,S1524,BRCA1_S1524,C02,Control,24.49162057447932,0.9728863167665227
BRCA1,S1524,BRCA1_S1524,C03,Control,24.5730640276411,0.8472361838332818
BRCA1,S1524,BRCA1_S1524,C04,Control,24.406526197606293,0.6224099404126783
BRCA1,S1524,BRCA1_S1524,C05,Control,24.141243150236804,0.9697444316599381
BRCA1,S1524,BRCA1_S1524,C06,Control,24.386287613552177,0.5787823747757721
BRCA1,S1524,BRCA1_S1524,D01,Disease,24.218395124889092,0.7036974511100361
BRCA1,S1524,BRCA1_S1524,D02,Disease,23.68050957754661,0.526871371917517
BRCA1,S1524,BRCA1_S1524,D03,Disease,24.1468016115838,0.9708018686892621
BRCA1,S1524,BRCA1_S1524,D04,Disease,23.97793778489914,0.9673201724647916
BRCA1,S1524,BRCA1_S1524,D05,Disease,23.851444445659236,0.821830621500373
BRCA1,S1524,BRCA1_S1524,D06,Disease,24.12214026233108,0.9664533037005323
ULK1,S757,ULK1_S757,C01,Control,24.00131474515854,0.971929323887369
ULK1,S757,ULK1_S757,C02,Control,24.913603596757802,0.9684600686343905
ULK1,S757,ULK1_S757,C03,Control,24.784097495054613,0.664303035873608
ULK1,S757,ULK1_S757,C04,Control,24.4377470350937,0.7425564693915325
ULK1,S757,ULK1_S757,C05,Control,24.234764504934876,0.9460292143708493
ULK1,S757,ULK1_S757,C06,Control,24.41820136026252,0.9665887088103418
ULK1,S757,ULK1_S757,D01,Disease,23.751071128617507,0.975467875569892
ULK1,S757,ULK1_S757,D02,Disease,23.946659003051945,0.9474899589582724
ULK1,S757,ULK1_S757,D03,Disease,23.880792096435023,0.9884263121842023
ULK1,S757,ULK1_S757,D04,Disease,23.965691578550917,0.9619252569570763
ULK1,S757,ULK1_S757,D05,Disease,24.160930787933573,0.9830958490013911
ULK1,S757,ULK1_S757,D06,Disease,23.988723830138078,0.9676712505729281
